source_id,original_uid,name,type,purpose,lat,lon,capacity,opening_hours,has_realtime_data,static_data_updated_at
64,79151317,Rathausgarage,UNDERGROUND,CAR,48.7741000,9.1778700,0,24/7,False,2025-04-29T06:56:45Z
26,7307,"Fürth, Hornschuch-Center",CAR_PARK,CAR,49.4696970,10.9941750,685,24/7,False,2025-10-14T09:34:24Z
27,herrenbergwasenaeckerhalle,Wasenäckerhalle,OFF_STREET_PARKING_GROUND,CAR,48.6226410,8.8283090,48,Mo-Su 00:00-24:00,False,2025-12-10T01:02:03Z
45,847,Kinderhaus Keltenstra??e 11,STANDS,BIKE,48.6147510,8.8380949,10,,False,2023-09-19T00:00:00Z
9,1136,Geradstetten,OFF_STREET_PARKING_GROUND,CAR,48.8063842,9.4404561,68,24/7,False,2025-11-19T10:09:31Z
8,4,AQUAtoll P1,OFF_STREET_PARKING_GROUND,CAR,49.1900448,9.2448720,203,24/7,False,2025-11-19T10:09:34Z
23,P8_Parkdeck_Altstadt_Haagstrasse,P8 Parkdeck Altstadt Haagstraße,CAR_PARK,CAR,49.5221108,9.3265143,60,,True,2025-12-10T12:32:00Z
62,143,Kelterstraße,ON_STREET,CAR,48.8964859,8.6018843,2,24/7,False,2023-08-30T12:00:00Z
38,INFRA-ch:23017:55720-FAHRRADANLAGE-1,Parkplatz,BUILDING,BIKE,47.6996733,8.6342504,1200,,False,2025-12-10T01:03:36Z
48,D5_Reiß-Museum,D5 Reiß-Museum,CAR_PARK,CAR,49.4887902,8.4620728,364,,True,2025-12-10T12:36:00Z
26,1413,"Hamburg, CIM Falkenried",UNDERGROUND,CAR,53.5856160,9.9714490,354,24/7,False,2025-10-02T09:13:37Z
48,PH21,N1 Stadthaus,CAR_PARK,CAR,49.4862825,8.4653558,335,,True,2025-12-10T12:36:00Z
60,53062237-9.525-21.725,Richard-Kuhn-Straße,ON_STREET,CAR,49.4161191,8.6512408,2,,False,2025-12-10T01:02:59Z
38,INFRA-de:08222:2417-FAHRRADANLAGE-12,Parkplatz,STANDS,BIKE,49.4805952,8.4712355,28,,False,2025-12-10T01:03:37Z
38,INFRA-de:08317:13105-FAHRRADANLAGE-1,Parkplatz,STANDS,BIKE,48.5636258,7.8345047,8,,False,2025-12-10T01:03:37Z
38,INFRA-de:08317:16220-FAHRRADANLAGE-1,Parkplatz,STANDS,BIKE,48.3817210,7.8627947,24,,False,2025-12-10T01:03:37Z
38,INFRA-de:08317:18420-FAHRRADANLAGE-1,Parkplatz,WALL_LOOPS,BIKE,48.2995340,8.0562791,20,,False,2025-12-10T01:03:37Z
38,INFRA-de:08317:33013-FAHRRADANLAGE-9,Parkplatz,STANDS,BIKE,48.6315727,8.0688328,30,,False,2025-12-10T01:03:37Z
39,INFRA-de:08226:534-PARKPLATZ-3,Parkplatz,OFF_STREET_PARKING_GROUND,CAR,49.4650335,8.9846737,10,,False,2025-12-10T01:00:54Z
39,INFRA-de:08435:14623-PARKPLATZ-1,Parkplatz,OFF_STREET_PARKING_GROUND,CAR,47.7303018,9.3456133,50,,False,2025-12-10T01:00:55Z
39,INFRA-de:08435:32007-PARKPLATZ-1,Parkplatz,OFF_STREET_PARKING_GROUND,CAR,47.6830797,9.5486485,8,,False,2025-12-10T01:00:55Z
38,INFRA-de:08317:34698-FAHRRADANLAGE-1,Parkplatz,WALL_LOOPS,BIKE,48.7040557,7.9839348,12,,False,2025-12-10T01:03:37Z
38,INFRA-de:08317:34700-FAHRRADANLAGE-1,Parkplatz,WALL_LOOPS,BIKE,48.6660194,7.9436230,15,,False,2025-12-10T01:03:37Z
38,INFRA-de:08325:1336-FAHRRADANLAGE-1,Parkplatz,WALL_LOOPS,BIKE,48.3662477,8.6371338,20,,False,2025-12-10T01:03:37Z
26,4419,"Brandenburg a.d. Havel, St. Annen Galerie",CAR_PARK,CAR,52.4081220,12.5658940,375,Mo-Fr 07:30-20:30; Sa 07:30-20:30,False,2025-10-13T11:26:56Z
60,53066795-23.125-108.45,Am Aukopf,ON_STREET,CAR,49.4146915,8.7532810,17,,False,2025-12-10T01:02:59Z
39,INFRA-de:08225:6573-PARKPLATZ-1,Parkplatz,OFF_STREET_PARKING_GROUND,CAR,49.5784949,9.3680771,11,,False,2025-12-10T01:00:54Z
39,INFRA-de:08231:332-PARKPLATZ-2,Parkplatz,OFF_STREET_PARKING_GROUND,CAR,48.8653883,8.6771005,3,,False,2025-12-10T01:00:54Z
9,1089,Neustadt-Hohenacker Erbach West,OFF_STREET_PARKING_GROUND,CAR,48.8590769,9.3232171,172,24/7,False,2025-11-19T10:09:31Z
48,N6_Standardhaus,N6 Standardhaus,CAR_PARK,CAR,49.4849027,8.4696977,291,,True,2025-12-10T12:36:00Z
39,INFRA-de:08235:10066-PARKPLATZ-1,Parkplatz,OFF_STREET_PARKING_GROUND,CAR,48.6243193,8.7168023,5,,False,2025-12-10T01:00:54Z
26,2129,"Elmshorn, Neuer Markt",CAR_PARK,CAR,53.7522740,9.6511620,317,24/7,False,2025-11-27T06:44:10Z
60,-53081760-152.175-160.9,Jaspersstraße,ON_STREET,CAR,49.3609130,8.7021500,1,,False,2025-12-10T01:02:59Z
38,INFRA-ch:23017:55901-FAHRRADANLAGE-2,Parkplatz,WALL_LOOPS,BIKE,47.7456668,8.7050715,86,,False,2025-12-10T01:03:36Z
38,INFRA-de:08111:2270-FAHRRADANLAGE-3,Parkplatz,WALL_LOOPS,BIKE,48.8223785,9.0937291,14,,False,2025-12-10T01:03:36Z
38,INFRA-de:08222:2417-FAHRRADANLAGE-11,Parkplatz,OTHER,BIKE,49.4783554,8.4685619,1,,False,2025-12-10T01:03:37Z
39,INFRA-de:08317:18030-PARKPLATZ-1,Parkplatz,OFF_STREET_PARKING_GROUND,CAR,48.2906981,8.2700595,10,,False,2025-12-10T01:00:54Z
39,INFRA-de:08435:4203-PARKPLATZ-1,Parkplatz,OFF_STREET_PARKING_GROUND,CAR,47.7012048,9.5594744,32,,False,2025-12-10T01:00:55Z
39,INFRA-de:08435:4203-PARKPLATZ-2,Parkplatz,OFF_STREET_PARKING_GROUND,CAR,47.6995081,9.5587365,3,,False,2025-12-10T01:00:55Z
9,1165,Malmsheim Renninger Str.,OFF_STREET_PARKING_GROUND,CAR,48.7715298,8.9080230,160,24/7,False,2025-11-19T10:09:31Z
62,145,Krummheldenweg,ON_STREET,CAR,48.8976674,8.6008058,8,24/7,False,2023-08-30T12:00:00Z
59,3a0224cd29f0812ee8b8fa8b66c53766,Gilgenmatten,ON_STREET,CAR,47.9984380,7.8120594,24,,False,2025-12-10T01:01:28Z
26,14013,"Düsseldorf, KII / Schauspielhaus",UNDERGROUND,CAR,51.2292010,6.7809680,668,24/7,False,2025-12-09T15:28:14Z
60,53066840-9.7-54.125,Im Grund,ON_STREET,CAR,49.4114929,8.7683982,8,,False,2025-12-10T01:02:59Z
38,INFRA-ch:23017:55724-FAHRRADANLAGE-1,Parkplatz,WALL_LOOPS,BIKE,47.6892516,8.4951635,80,,False,2025-12-10T01:03:36Z
26,1405,"Hamburg, Heegbarg",UNDERGROUND,CAR,53.6532940,10.0925070,492,24/7,False,2025-11-25T12:00:26Z
9,1167,Weil der Stadt Bahnhofstr.,OFF_STREET_PARKING_GROUND,CAR,48.7535588,8.8707508,117,24/7,False,2025-11-19T10:09:31Z
9,1199,Ötlingen Reutlinger Str.,OFF_STREET_PARKING_GROUND,CAR,48.6584625,9.4156188,28,24/7,False,2025-11-19T10:09:31Z
9,1248,Echterdingen,CAR_PARK,CAR,48.6918667,9.1708910,281,,False,2025-11-19T10:09:31Z
38,INFRA-de:08111:6027-FAHRRADANLAGE-7,Parkplatz,STANDS,BIKE,48.7383197,9.1150794,10,,False,2025-12-10T01:03:36Z
38,INFRA-de:08222:2586-FAHRRADANLAGE-1,Parkplatz,STANDS,BIKE,49.4516948,8.5380713,12,,False,2025-12-10T01:03:37Z
38,INFRA-de:08317:13554-FAHRRADANLAGE-2,Parkplatz,STANDS,BIKE,48.5928546,8.0075591,20,,False,2025-12-10T01:03:37Z
60,53065552-33.8-44.45,Alstater Straße,ON_STREET,CAR,49.3804544,8.6662693,2,,False,2025-12-10T01:02:59Z
26,6881,"Munich, Riem Arcaden Tiefgarage",UNDERGROUND,CAR,48.1331600,11.6937170,2340,24/7,False,2025-10-02T12:09:47Z
60,53065552-64.025-69.225,Alstater Straße,ON_STREET,CAR,49.3805205,8.6666344,1,,False,2025-12-10T01:02:59Z
62,144,Kelterstraße,ON_STREET,CAR,48.8977093,8.6018658,13,24/7,False,2023-08-30T12:00:00Z
39,INFRA-de:08111:6002-PARKPLATZ-3,Parkplatz,OFF_STREET_PARKING_GROUND,CAR,48.7270205,9.1108872,9,,False,2025-12-10T01:00:53Z
39,INFRA-de:08111:6080-PARKPLATZ-2,Parkplatz,CAR_PARK,CAR,48.7916878,9.2382579,2500,,False,2025-12-10T01:00:53Z
59,7fcff2cd9254934b1e7093681993554e,Riedmatten,ON_STREET,CAR,48.0495350,7.7958880,15,,False,2025-12-10T01:01:28Z
26,73,"Berlin, Parkplatz Schönhauser Allee",OFF_STREET_PARKING_GROUND,CAR,52.5491430,13.4167110,32,24/7,False,2025-03-05T08:59:53Z
26,1480,"Hamburg, Bavaria Office",UNDERGROUND,CAR,53.5477870,9.9666810,58,24/7,False,2025-03-05T09:35:45Z
26,7141,"Augsburg, Medizincampus Süd",OFF_STREET_PARKING_GROUND,CAR,48.3060580,10.9166580,320,24/7,False,2025-07-14T12:14:53Z
60,53066840-70.125-130.575,Im Grund,ON_STREET,CAR,49.4119821,8.7689557,12,,False,2025-12-10T01:02:59Z
48,PH13,K1,CAR_PARK,CAR,49.4926228,8.4701216,152,,True,2025-12-10T12:36:00Z
26,7123,"Fürth, Mathildenstrasse",CAR_PARK,CAR,49.4739940,10.9876240,274,24/7,False,2025-10-14T09:52:08Z
6,100003-parking,Parkplatz Bahnhof Ansbach Rückseite des Empfangsgebäudes,OFF_STREET_PARKING_GROUND,CAR,49.2986540,10.5787100,42,24/7,False,2025-12-10T01:02:02Z
38,INFRA-ch:23017:27057-FAHRRADANLAGE-1,Parkplatz,WALL_LOOPS,BIKE,47.7169233,8.6639019,12,,False,2025-12-10T01:03:36Z
38,INFRA-de:08111:1300-FAHRRADANLAGE-2,Parkplatz,STANDS,BIKE,48.8153310,9.2505793,40,,False,2025-12-10T01:03:36Z
38,INFRA-de:08111:6295-FAHRRADANLAGE-1,Parkplatz,STANDS,BIKE,48.8035678,9.1895039,6,,False,2025-12-10T01:03:36Z
38,INFRA-de:08125:4615-FAHRRADANLAGE-4,Parkplatz,STANDS,BIKE,49.2374430,9.1016482,28,,False,2025-12-10T01:03:36Z
38,INFRA-de:08222:2641-FAHRRADANLAGE-2,Parkplatz,WALL_LOOPS,BIKE,49.4599350,8.5167400,8,,False,2025-12-10T01:03:37Z
38,INFRA-de:08225:6573-FAHRRADANLAGE-2,Parkplatz,WALL_LOOPS,BIKE,49.5786369,9.3682447,30,,False,2025-12-10T01:03:37Z
38,INFRA-de:08225:6777-FAHRRADANLAGE-1,Parkplatz,WALL_LOOPS,BIKE,49.4208210,9.3912483,6,,False,2025-12-10T01:03:37Z
9,1296,Freiberg (N) Bahnhofstr. Mitte (P + R - Platz),OFF_STREET_PARKING_GROUND,CAR,48.9306382,9.1998182,66,24/7,False,2025-11-19T10:09:31Z
9,1323,Nürtingen Oberboihinger Str.,OFF_STREET_PARKING_GROUND,CAR,48.6291338,9.3426295,180,24/7,False,2025-11-19T10:09:31Z
9,1356,Fornsbach,OFF_STREET_PARKING_GROUND,CAR,48.9752686,9.6431758,74,24/7,False,2025-11-19T10:09:31Z
62,148,Ellmendinger Weg,ON_STREET,CAR,48.8968714,8.6013333,10,24/7,False,2023-08-30T12:00:00Z
39,INFRA-de:08111:6465-PARKPLATZ-6,Parkplatz,OFF_STREET_PARKING_GROUND,CAR,48.8298893,9.1665974,7,,False,2025-12-10T01:00:53Z
38,INFRA-de:08317:13630-FAHRRADANLAGE-1,Parkplatz,WALL_LOOPS,BIKE,48.5896820,8.1034960,5,,False,2025-12-10T01:03:37Z
39,INFRA-de:08435:4594-PARKPLATZ-1,Parkplatz,OFF_STREET_PARKING_GROUND,CAR,47.7369038,9.2475209,55,,False,2025-12-10T01:00:55Z
39,INFRA-de:08436:9002-PARKPLATZ-3,Parkplatz,OFF_STREET_PARKING_GROUND,CAR,47.6887388,9.8305664,7,,False,2025-12-10T01:00:55Z
38,INFRA-de:08317:14120-FAHRRADANLAGE-10,Parkplatz,LOCKERS,BIKE,48.5375059,7.9740214,10,,False,2025-12-10T01:03:37Z
38,INFRA-de:08317:14506-FAHRRADANLAGE-11,Parkplatz,WALL_LOOPS,BIKE,48.4771309,7.9462600,400,,False,2025-12-10T01:03:37Z
60,53114358-103.125-144.025,Bergheimer Straße,ON_STREET,CAR,49.4079149,8.6794277,8,,False,2025-12-10T01:02:59Z
9,1332,Sersheim,OFF_STREET_PARKING_GROUND,CAR,48.9580494,9.0178627,25,24/7,False,2025-11-19T10:09:31Z
62,146,Krummheldenweg,ON_STREET,CAR,48.8970464,8.6015835,8,24/7,False,2023-08-30T12:00:00Z
60,78584221-27.65-91.65,Bergheimer Straße,ON_STREET,CAR,49.4078301,8.6733495,12,,False,2025-12-10T01:02:59Z
62,147,Kelterstraße,ON_STREET,CAR,48.8966943,8.6018794,1,24/7,False,2023-08-30T12:00:00Z
62,100,Westliche Friedrichstraße,ON_STREET,CAR,48.8966501,8.6005770,3,24/7,False,2023-08-30T12:00:00Z
28,153023135,Abstellanlage,WALL_LOOPS,BIKE,49.5078070,8.6039040,10,,False,2025-12-10T01:02:49Z
38,INFRA-de:08111:6085-FAHRRADANLAGE-7,Parkplatz,STANDS,BIKE,48.7794505,9.2498815,16,,False,2025-12-10T01:03:36Z
26,1419,"Hamburg, Berliner Tor",UNDERGROUND,CAR,53.5566140,10.0214820,328,24/7,False,2025-10-14T12:15:13Z
26,8977,"Potsdam, Bahnhofspassagen PH 2",CAR_PARK,CAR,52.3908240,13.0655890,351,24/7,False,2025-12-04T09:46:28Z
38,INFRA-de:08111:6118-FAHRRADANLAGE-7,Parkplatz,STANDS,BIKE,48.7829079,9.1824663,10,,False,2025-12-10T01:03:36Z
38,INFRA-de:08111:6157-FAHRRADANLAGE-12,Parkplatz,STANDS,BIKE,48.8133646,9.1690039,20,,False,2025-12-10T01:03:36Z
38,INFRA-de:08225:8203-FAHRRADANLAGE-1,Parkplatz,WALL_LOOPS,BIKE,49.4408909,9.3386671,20,,False,2025-12-10T01:03:37Z
39,INFRA-de:08111:6465-PARKPLATZ-5,Parkplatz,OFF_STREET_PARKING_GROUND,CAR,48.8304122,9.1659528,30,,False,2025-12-10T01:00:53Z
26,5721,"Siegen, Rathaus - Markt",CAR_PARK,CAR,50.8757720,8.0254970,314,24/7,False,2025-03-25T09:32:26Z
39,INFRA-de:08115:4193-PARKPLATZ-1,Parkplatz,OFF_STREET_PARKING_GROUND,CAR,48.6385530,9.0072450,51,,False,2025-12-10T01:00:54Z
39,INFRA-de:08115:4712-PARKPLATZ-2,Parkplatz,OFF_STREET_PARKING_GROUND,CAR,48.6762580,9.0251630,15,,False,2025-12-10T01:00:54Z
39,INFRA-de:08236:2390-PARKPLATZ-1,Parkplatz,OFF_STREET_PARKING_GROUND,CAR,48.9933586,8.7451000,22,,False,2025-12-10T01:00:54Z
60,563873156-430.25-485.35,Schmeilweg,ON_STREET,CAR,49.4147636,8.7281228,11,,False,2025-12-10T01:02:59Z
2,11,P3 Volksbank,CAR_PARK,CAR,47.9980210,7.8434128,203,,True,2025-12-10T01:03:59Z
38,INFRA-de:08111:6085-FAHRRADANLAGE-8,Parkplatz,STANDS,BIKE,48.7793200,9.2495992,6,,False,2025-12-10T01:03:36Z
2,20,Westarkaden,CAR_PARK,CAR,48.0064196,7.8273939,750,,True,2025-12-10T01:03:59Z
69,unit3977,"Ulm, Hauptbahnhof, Schließfächer 10-18",LOCKERS,ITEM,48.3984240,9.9836110,9,24/7,True,2025-12-10T01:02:05Z
38,INFRA-de:08111:6333-FAHRRADANLAGE-12,Parkplatz,SHED,BIKE,48.8018794,9.2169567,12,,False,2025-12-10T01:03:36Z
38,INFRA-de:08115:3212-FAHRRADANLAGE-8,Parkplatz,WALL_LOOPS,BIKE,48.6957518,9.0187587,12,,False,2025-12-10T01:03:36Z
60,53062266-15.725-21.575,Wieblinger Weg,ON_STREET,CAR,49.4099532,8.6549980,1,,False,2025-12-10T01:02:59Z
48,D3,D3,CAR_PARK,CAR,49.4880879,8.4637935,378,,True,2025-12-10T12:36:00Z
9,1454,Gäufelden Bahnhofstr. Süd,OFF_STREET_PARKING_GROUND,CAR,48.5594046,8.8494200,78,24/7,False,2025-11-19T10:09:31Z
9,2003,Backnang Büttenenfeld-West,ON_STREET,CAR,48.9425365,9.4281212,39,24/7,False,2025-11-19T10:09:31Z
62,161,Westliche Friedrichstraße,OFF_STREET_PARKING_GROUND,CAR,48.8969354,8.6006845,37,,False,2023-08-30T12:00:00Z
39,INFRA-de:08111:2270-PARKPLATZ-4,Parkplatz,OFF_STREET_PARKING_GROUND,CAR,48.8214667,9.0928436,185,,False,2025-12-10T01:00:53Z
39,INFRA-de:08118:1910-PARKPLATZ-3,Parkplatz,OFF_STREET_PARKING_GROUND,CAR,48.9546111,9.1224974,25,,False,2025-12-10T01:00:54Z
39,INFRA-de:08119:3711-PARKPLATZ-1,Parkplatz,OFF_STREET_PARKING_GROUND,CAR,48.8101416,9.3883678,180,,False,2025-12-10T01:00:54Z
39,INFRA-de:08225:8206-PARKPLATZ-1,Parkplatz,OFF_STREET_PARKING_GROUND,CAR,49.3994177,9.2225159,12,,False,2025-12-10T01:00:54Z
39,INFRA-de:08236:2590-PARKPLATZ-1,Parkplatz,OFF_STREET_PARKING_GROUND,CAR,48.9563567,8.9206734,22,,False,2025-12-10T01:00:54Z
39,INFRA-de:08327:1331-PARKPLATZ-1,Parkplatz,OFF_STREET_PARKING_GROUND,CAR,47.9571973,8.7645345,30,,False,2025-12-10T01:00:54Z
39,INFRA-de:08336:6604-PARKPLATZ-2,Parkplatz,OFF_STREET_PARKING_GROUND,CAR,47.5504578,7.6597873,12,,False,2025-12-10T01:00:54Z
26,6873,"Munich, Hotel Marriott",UNDERGROUND,CAR,48.1744120,11.5915180,134,24/7,False,2025-10-16T05:18:40Z
45,836,Rossmann,WALL_LOOPS,BIKE,48.5980739,8.8688602,6,,False,2023-09-12T00:00:00Z
6,100004-parking,Parkplatz Bahnhof Ansbach Turnitzstraße am Gleis,OFF_STREET_PARKING_GROUND,CAR,49.2981490,10.5765730,30,24/7,False,2025-12-10T01:02:02Z
28,152443116,Abstellanlage,OTHER,BIKE,49.1943513,9.2268517,26,,False,2025-12-10T01:02:49Z
61,173,173,ON_STREET,CAR,48.7359673,9.3110657,1,,False,2021-10-19T12:00:00Z
7,8,Parkhaus Flandernstraße,CAR_PARK,CAR,48.7448187,9.3212290,459,,False,2025-12-10T01:00:14Z
7,104,Parkgarage Schlossplatz ,UNDERGROUND,CAR,49.0107930,8.4048360,912,,False,2025-12-10T01:00:18Z
64,12717441,LBBW (Hbf.),UNDERGROUND,CAR,48.7864100,9.1811700,1242,24/7,True,2024-03-13T08:25:01Z
38,INFRA-de:08111:6118-FAHRRADANLAGE-2,Parkplatz,STANDS,BIKE,48.7821811,9.1790798,14,,False,2025-12-10T01:03:36Z
38,INFRA-de:08111:6221-FAHRRADANLAGE-2,Parkplatz,STANDS,BIKE,48.7723994,9.1641536,14,,False,2025-12-10T01:03:36Z
60,53062267-71.575-77.1435665902012,Wieblinger Weg,ON_STREET,CAR,49.4099160,8.6552879,1,,False,2025-12-10T01:02:59Z
9,2029,Herrenberg Kalkofenstr.,ON_STREET,CAR,48.5940778,8.8604536,16,24/7,False,2025-11-19T10:09:31Z
9,2117,Murrhardt Busabstellplatz,OFF_STREET_PARKING_GROUND,CAR,48.9819015,9.5789332,13,,False,2025-11-19T10:09:31Z
62,99,Westliche Friedrichstraße,ON_STREET,CAR,48.8966076,8.6005498,4,24/7,False,2023-08-30T12:00:00Z
62,9,Durlacher Straße,ON_STREET,CAR,48.9035419,8.5742424,10,24/7,False,2023-08-30T12:00:00Z
38,INFRA-de:08235:9000-FAHRRADANLAGE-1,Parkplatz,WALL_LOOPS,BIKE,48.8266091,8.7112627,10,,False,2025-12-10T01:03:37Z
38,INFRA-de:08315:6526-FAHRRADANLAGE-1,Parkplatz,BUILDING,BIKE,47.8854054,7.7280713,58,,False,2025-12-10T01:03:37Z
64,12717450,Tübinger Carre,UNDERGROUND,CAR,48.7721300,9.1754000,200,24/7,True,2025-11-13T10:42:05Z
39,INFRA-de:08111:6001-PARKPLATZ-1,Parkplatz,OFF_STREET_PARKING_GROUND,CAR,48.7179739,9.1073505,6,,False,2025-12-10T01:00:53Z
39,INFRA-de:08118:1400-PARKPLATZ-3,Parkplatz,CAR_PARK,CAR,48.9479606,9.1354107,233,,False,2025-12-10T01:00:54Z
39,INFRA-de:08118:4527-PARKPLATZ-1,Parkplatz,OFF_STREET_PARKING_GROUND,CAR,48.8672932,9.0304314,75,,False,2025-12-10T01:00:54Z
39,INFRA-de:08118:5785-PARKPLATZ-3,Parkplatz,OFF_STREET_PARKING_GROUND,CAR,49.0105617,9.1520900,6,,False,2025-12-10T01:00:54Z
39,INFRA-de:08236:5691-PARKPLATZ-1,Parkplatz,OFF_STREET_PARKING_GROUND,CAR,48.7986889,8.7293463,30,,False,2025-12-10T01:00:54Z
60,563903987-14.25-80.00762947735461,Im Bosseldorn,ON_STREET,CAR,49.3845829,8.6805390,13,,False,2025-12-10T01:02:59Z
45,795,Seeländer platz,STANDS,BIKE,48.5973524,8.8676603,26,,False,2023-09-12T00:00:00Z
12,59,Passagehof,CAR_PARK,CAR,49.0109755,8.3982899,392,,True,2023-12-31T00:00:00Z
9,4020,Weil der Stadt Raimund-Wolf-Weg,OFF_STREET_PARKING_GROUND,CAR,48.7539658,8.8701276,51,24/7,False,2025-11-19T10:09:31Z
8,50,Bahnhof West Parken,OFF_STREET_PARKING_GROUND,CAR,49.1893472,9.2190082,97,24/7,False,2025-11-19T10:09:34Z
38,INFRA-de:08115:1301-FAHRRADANLAGE-2,Parkplatz,LOCKERS,BIKE,48.7718096,8.9037148,6,,False,2025-12-10T01:03:36Z
39,INFRA-de:08111:6465-PARKPLATZ-2,Parkplatz,OFF_STREET_PARKING_GROUND,CAR,48.8305264,9.1677627,45,,False,2025-12-10T01:00:53Z
59,8757baafd75b17f644594455cc795da4,Belfortstraße,ON_STREET,CAR,47.9939248,7.8426847,18,,False,2025-12-10T01:01:28Z
38,INFRA-de:08115:1301-FAHRRADANLAGE-5,Parkplatz,LOCKERS,BIKE,48.7725497,8.9074989,6,,False,2025-12-10T01:03:36Z
38,INFRA-de:08115:3212-FAHRRADANLAGE-2,Parkplatz,LOCKERS,BIKE,48.6968432,9.0206966,18,,False,2025-12-10T01:03:36Z
38,INFRA-de:08115:4712-FAHRRADANLAGE-1,Parkplatz,STANDS,BIKE,48.6755451,9.0262161,4,,False,2025-12-10T01:03:36Z
38,INFRA-de:08118:5785-FAHRRADANLAGE-2,Parkplatz,STANDS,BIKE,49.0111292,9.1519105,6,,False,2025-12-10T01:03:36Z
60,53062275-5.35-12.475,Untere Rödt,ON_STREET,CAR,49.4027630,8.6496977,1,,False,2025-12-10T01:02:59Z
62,149,Ellmendinger Weg,ON_STREET,CAR,48.8974752,8.6003364,11,24/7,False,2023-08-30T12:00:00Z
62,150,Ellmendinger Weg,ON_STREET,CAR,48.8980087,8.5976374,27,24/7,False,2023-08-30T12:00:00Z
62,49,Heldengasse,ON_STREET,CAR,48.9024830,8.5779426,1,24/7,False,2023-08-30T12:00:00Z
60,53062275-19.575-49.8,Untere Rödt,ON_STREET,CAR,49.4028240,8.6500408,6,,False,2025-12-10T01:02:59Z
38,INFRA-de:08316:509-FAHRRADANLAGE-2,Parkplatz,STANDS,BIKE,48.1059534,7.7604066,18,,False,2025-12-10T01:03:37Z
60,574420279-85.875-99.475,Peterstaler Straße,ON_STREET,CAR,49.4201928,8.7566815,2,,False,2025-12-10T01:02:59Z
12,63,Kronenplatz,CAR_PARK,CAR,49.0081912,8.4107320,629,,True,2023-12-31T00:00:00Z
26,10899,"Krefeld, Schwanenmarkt PH",CAR_PARK,CAR,51.3312210,6.5613990,374,Mo-Fr 07:00-22:00; Sa 07:00-22:00; Su 09:00-22:00,False,2025-12-02T07:23:22Z
31,unit2888,"Baden-Baden, Wilhelmstraße",LOCKERS,BIKE,48.7631300,8.2370800,3,24/7,True,2025-12-10T01:02:22Z
8,69,Bahnhof West P+R,OFF_STREET_PARKING_GROUND,CAR,49.1883691,9.2188715,74,24/7,False,2025-11-19T10:09:34Z
62,151,Ellmendinger Weg,OFF_STREET_PARKING_GROUND,CAR,48.8985839,8.5953028,24,24/7,False,2023-08-30T12:00:00Z
62,152,Ellmendinger Weg,ON_STREET,CAR,48.8982198,8.5952929,10,24/7,False,2023-08-30T12:00:00Z
64,12717447,Tivoli,UNDERGROUND,CAR,48.7797300,9.1664100,206,24/7,True,2024-10-23T13:01:31Z
38,INFRA-de:08115:6525-FAHRRADANLAGE-3,Parkplatz,STANDS,BIKE,48.6448279,9.0088771,10,,False,2025-12-10T01:03:36Z
38,INFRA-de:08116:2931-FAHRRADANLAGE-3,Parkplatz,STANDS,BIKE,48.6277907,9.3433288,54,,False,2025-12-10T01:03:36Z
38,INFRA-de:08136:6100-FAHRRADANLAGE-1,Parkplatz,WALL_LOOPS,BIKE,48.8222984,9.9130936,62,,False,2025-12-10T01:03:36Z
38,INFRA-de:08316:6524-FAHRRADANLAGE-1,Parkplatz,WALL_LOOPS,BIKE,48.1397958,8.0230348,20,,False,2025-12-10T01:03:37Z
38,INFRA-de:08317:12476-FAHRRADANLAGE-1,Parkplatz,WALL_LOOPS,BIKE,48.5650915,7.9128873,24,,False,2025-12-10T01:03:37Z
26,5373,"Leverkusen, Wöhlerstrasse",OFF_STREET_PARKING_GROUND,CAR,51.0333030,6.9856900,150,24/7,False,2025-08-22T09:38:57Z
39,INFRA-de:08115:1303-PARKPLATZ-3,Parkplatz,OFF_STREET_PARKING_GROUND,CAR,48.7550963,8.8729983,25,,False,2025-12-10T01:00:53Z
39,INFRA-de:08118:1400-PARKPLATZ-6,Parkplatz,OFF_STREET_PARKING_GROUND,CAR,48.9486525,9.1359130,30,,False,2025-12-10T01:00:54Z
39,INFRA-de:08225:9128-PARKPLATZ-3,Parkplatz,OFF_STREET_PARKING_GROUND,CAR,49.3722234,9.0836987,6,,False,2025-12-10T01:00:54Z
39,INFRA-de:08237:3333-PARKPLATZ-2,Parkplatz,OFF_STREET_PARKING_GROUND,CAR,48.3606990,8.4820020,5,,False,2025-12-10T01:00:54Z
39,INFRA-de:08315:6681-PARKPLATZ-1,Parkplatz,OFF_STREET_PARKING_GROUND,CAR,47.8819249,8.3984478,50,,False,2025-12-10T01:00:54Z
59,8128220167a1622ac9ab0717999a93b8,Zähringer Straße,ON_STREET,CAR,48.0125068,7.8545205,5,,False,2025-12-10T01:01:28Z
60,759311682-88.4-151.5,Poststraße,ON_STREET,CAR,49.4072903,8.6875993,12,,False,2025-12-10T01:02:59Z
38,INFRA-de:08115:7100-FAHRRADANLAGE-5,Parkplatz,WALL_LOOPS,BIKE,48.6880627,9.0054579,170,,False,2025-12-10T01:03:36Z
8,58,Ernst-Freyer-Bad,OFF_STREET_PARKING_GROUND,CAR,49.1923291,9.2078606,250,24/7,False,2025-11-19T10:09:34Z
39,INFRA-de:08118:7403-PARKPLATZ-1,Parkplatz,OFF_STREET_PARKING_GROUND,CAR,48.9089258,9.1803207,20,,False,2025-12-10T01:00:54Z
59,9141eb4d5ddbaed87f98ae669c62638b,Marienmattenweg,ON_STREET,CAR,47.9931410,7.8287845,5,,False,2025-12-10T01:01:28Z
8,25,Sportanlagen Schwabenweg,OFF_STREET_PARKING_GROUND,CAR,49.2118257,9.2471312,40,24/7,False,2025-11-19T10:09:34Z
38,INFRA-de:08117:159-FAHRRADANLAGE-2,Parkplatz,STANDS,BIKE,48.6405185,9.8035934,8,,False,2025-12-10T01:03:36Z
38,INFRA-de:08118:5723-FAHRRADANLAGE-4,Parkplatz,WALL_LOOPS,BIKE,49.0381375,9.1506523,12,,False,2025-12-10T01:03:36Z
38,INFRA-de:08125:1110-FAHRRADANLAGE-2,Parkplatz,WALL_LOOPS,BIKE,49.1326755,8.9050764,45,,False,2025-12-10T01:03:36Z
62,142,Westliche Friedrichstraße,ON_STREET,CAR,48.8974298,8.5967768,10,24/7,False,2023-08-30T12:00:00Z
38,INFRA-de:08225:8207-FAHRRADANLAGE-1,Parkplatz,WALL_LOOPS,BIKE,49.3875211,9.1873572,3,,False,2025-12-10T01:03:37Z
38,INFRA-de:08226:3550-FAHRRADANLAGE-1,Parkplatz,LOCKERS,BIKE,49.2500340,8.8766796,40,,False,2025-12-10T01:03:37Z
38,INFRA-de:08237:5001-FAHRRADANLAGE-1,Parkplatz,STANDS,BIKE,48.4422647,8.6895073,5,,False,2025-12-10T01:03:37Z
38,INFRA-de:08317:13503-FAHRRADANLAGE-1,Parkplatz,WALL_LOOPS,BIKE,48.3881839,7.8120508,18,,False,2025-12-10T01:03:37Z
38,INFRA-de:08317:13554-FAHRRADANLAGE-1,Parkplatz,WALL_LOOPS,BIKE,48.5927670,8.0076138,60,,False,2025-12-10T01:03:37Z
38,INFRA-de:08317:18601-FAHRRADANLAGE-3,Parkplatz,WALL_LOOPS,BIKE,48.2735785,7.7900310,14,,False,2025-12-10T01:03:37Z
38,INFRA-de:08326:6537-FAHRRADANLAGE-4,Parkplatz,LOCKERS,BIKE,47.9475464,8.4990203,10,,False,2025-12-10T01:03:37Z
60,809147425-18.325-88.15,Max-Joseph-Straße,ON_STREET,CAR,49.3783464,8.6793822,13,,False,2025-12-10T01:02:59Z
12,25,Beethovenstraße,CAR_PARK,CAR,48.7692141,8.2315887,107,,True,2023-12-31T00:00:00Z
73,2,Messe,LOCKERS,BIKE,48.0188760,7.8402839,6,24/7,False,2025-12-10T01:02:46Z
28,152443416,Abstellanlage,OTHER,BIKE,49.1969228,9.1980010,2,,False,2025-12-10T01:02:49Z
38,INFRA-de:08115:7115-FAHRRADANLAGE-5,Parkplatz,WALL_LOOPS,BIKE,48.6794952,8.9840082,10,,False,2025-12-10T01:03:36Z
38,INFRA-de:08119:1603-FAHRRADANLAGE-6,Parkplatz,LOCKERS,BIKE,48.8686426,9.3556648,10,,False,2025-12-10T01:03:36Z
38,INFRA-de:08317:13602-FAHRRADANLAGE-1,Parkplatz,WALL_LOOPS,BIKE,48.3967154,7.8387477,10,,False,2025-12-10T01:03:37Z
38,INFRA-de:08415:22005-FAHRRADANLAGE-4,Parkplatz,STANDS,BIKE,48.4926271,9.2010161,14,,False,2025-12-10T01:03:37Z
8,66,Friedhof Obereisesheim,OFF_STREET_PARKING_GROUND,CAR,49.1997953,9.1975189,26,24/7,False,2025-11-19T10:09:34Z
39,INFRA-de:08111:1300-PARKPLATZ-7,Parkplatz,OFF_STREET_PARKING_GROUND,CAR,48.8154573,9.2482461,35,,False,2025-12-10T01:00:53Z
39,INFRA-de:08115:4512-PARKPLATZ-3,Parkplatz,OFF_STREET_PARKING_GROUND,CAR,48.5934681,8.8629016,43,,False,2025-12-10T01:00:54Z
39,INFRA-de:08115:4786-PARKPLATZ-1,Parkplatz,OFF_STREET_PARKING_GROUND,CAR,48.6275271,9.0218444,50,,False,2025-12-10T01:00:54Z
39,INFRA-de:08118:5879-PARKPLATZ-3,Parkplatz,OFF_STREET_PARKING_GROUND,CAR,48.9461495,8.9598497,284,,False,2025-12-10T01:00:54Z
8,19,Hüttberghalle Süd,OFF_STREET_PARKING_GROUND,CAR,49.2071804,9.2947095,40,24/7,False,2025-11-19T10:09:34Z
62,141,Westendstraße,ON_STREET,CAR,48.8967284,8.5979368,11,24/7,False,2023-08-30T12:00:00Z
39,INFRA-de:08237:4631-PARKPLATZ-1,Parkplatz,OFF_STREET_PARKING_GROUND,CAR,48.5206820,8.5486226,3,,False,2025-12-10T01:00:54Z
39,INFRA-de:08335:6551-PARKPLATZ-4,Parkplatz,OFF_STREET_PARKING_GROUND,CAR,47.8560077,8.7725607,16,,False,2025-12-10T01:00:54Z
39,INFRA-de:08416:1005-PARKPLATZ-2,Parkplatz,OFF_STREET_PARKING_GROUND,CAR,48.4724875,8.9346202,16,,False,2025-12-10T01:00:55Z
59,b318347f5bada7ea4fcac2bd7f5f040e,Karlstraße,ON_STREET,CAR,48.0054940,7.8572775,31,,False,2025-12-10T01:01:28Z
12,11,Vieille Ile,CAR_PARK,CAR,48.8152131,7.7867243,292,,True,2023-12-31T00:00:00Z
60,851699126-29.825-111.875,Parkplatz,ON_STREET,CAR,49.4129678,8.6876017,27,,False,2025-12-10T01:02:59Z
2,18,P20 Päd. Hochschule,CAR_PARK,CAR,47.9823613,7.8908915,190,,True,2025-12-10T01:03:59Z
45,797,Spielplatz Kaffeeberg Affst??tt,WALL_LOOPS,BIKE,48.6050830,8.8627560,8,,False,2023-09-20T00:00:00Z
6,100005-parking,Kaspar-Hauser-Parkplatz Bahnhof Ansbach Turnitzstraße,OFF_STREET_PARKING_GROUND,CAR,49.2983950,10.5745900,59,24/7,False,2025-12-10T01:02:02Z
28,151766585,Abstellanlage,OTHER,BIKE,49.1764577,9.2207853,5,,False,2025-12-10T01:02:49Z
38,INFRA-de:08115:7302-FAHRRADANLAGE-2,Parkplatz,LOCKERS,BIKE,48.7751912,8.9313560,16,,False,2025-12-10T01:03:36Z
38,INFRA-de:08116:1801-FAHRRADANLAGE-1,Parkplatz,LOCKERS,BIKE,48.7470275,9.2761190,3,,False,2025-12-10T01:03:36Z
38,INFRA-de:08317:15011-FAHRRADANLAGE-4,Parkplatz,LOCKERS,BIKE,48.5769101,7.8062162,90,,False,2025-12-10T01:03:37Z
8,73,Verwaltungsstelle Amorbach,OFF_STREET_PARKING_GROUND,CAR,49.2110244,9.2540032,40,24/7,False,2025-11-19T10:09:34Z
8,77,P7 Sulmstraße,OFF_STREET_PARKING_GROUND,CAR,49.1924996,9.2276373,22,24/7,False,2025-11-19T10:09:34Z
62,136,Poststraße,ON_STREET,CAR,48.8962545,8.5988475,0,24/7,False,2023-08-30T12:00:00Z
62,50,Weinbergstraße,ON_STREET,CAR,48.9023041,8.5780187,7,24/7,False,2023-08-30T12:00:00Z
39,INFRA-de:08115:3201-PARKPLATZ-2,Parkplatz,OFF_STREET_PARKING_GROUND,CAR,48.7037744,8.9993436,35,,False,2025-12-10T01:00:54Z
39,INFRA-de:08118:7402-PARKPLATZ-1,Parkplatz,OFF_STREET_PARKING_GROUND,CAR,48.8931541,9.1848288,78,,False,2025-12-10T01:00:54Z
26,5720,"Siegen, Altstadt",CAR_PARK,CAR,50.8719300,8.0228400,413,24/7,False,2025-07-15T09:43:36Z
39,INFRA-de:08119:1703-PARKPLATZ-3,Parkplatz,OFF_STREET_PARKING_GROUND,CAR,48.8104269,9.4209888,28,,False,2025-12-10T01:00:54Z
39,INFRA-de:08119:5786-PARKPLATZ-3,Parkplatz,OFF_STREET_PARKING_GROUND,CAR,48.9820375,9.4629082,37,,False,2025-12-10T01:00:54Z
39,INFRA-de:08335:6722-PARKPLATZ-1,Parkplatz,OFF_STREET_PARKING_GROUND,CAR,47.7438589,8.7391005,10,,False,2025-12-10T01:00:54Z
61,1,1,ON_STREET,CAR,48.7423811,9.3061016,2,,False,2022-03-15T12:00:00Z
39,INFRA-de:08118:7503-PARKPLATZ-7,Parkplatz,OFF_STREET_PARKING_GROUND,CAR,48.9433445,9.2643748,3,,False,2025-12-10T01:00:54Z
6,100043-parking,Hochgarage am Bahnhof,CAR_PARK,CAR,53.0802970,8.8142900,252,,False,2025-12-10T01:02:02Z
39,INFRA-de:08119:7600-PARKPLATZ-8,Parkplatz,OFF_STREET_PARKING_GROUND,CAR,48.9431330,9.4257853,6,,False,2025-12-10T01:00:54Z
38,INFRA-de:08111:6002-FAHRRADANLAGE-3,Parkplatz,STANDS,BIKE,48.7269265,9.1121404,10,,False,2025-12-10T01:03:36Z
39,INFRA-de:08119:7703-PARKPLATZ-3,Parkplatz,OTHER,CAR,48.8068236,9.5261735,2,,False,2025-12-10T01:00:54Z
38,INFRA-de:08116:2105-FAHRRADANLAGE-3,Parkplatz,WALL_LOOPS,BIKE,48.7055118,9.1272062,26,,False,2025-12-10T01:03:36Z
38,INFRA-de:08119:5789-FAHRRADANLAGE-4,Parkplatz,LOCKERS,BIKE,48.8049520,9.5755540,27,,False,2025-12-10T01:03:36Z
38,INFRA-de:08211:31940-FAHRRADANLAGE-4,Parkplatz,OTHER,BIKE,48.7621130,8.2530380,10,,False,2025-12-10T01:03:36Z
38,INFRA-de:08336:6631-FAHRRADANLAGE-6,Parkplatz,WALL_LOOPS,BIKE,47.6557228,7.5629905,30,,False,2025-12-10T01:03:37Z
39,INFRA-de:08125:1438-PARKPLATZ-7,Parkplatz,OFF_STREET_PARKING_GROUND,CAR,49.0763577,9.1469881,6,,False,2025-12-10T01:00:54Z
39,INFRA-de:08128:13824-PARKPLATZ-1,Parkplatz,OFF_STREET_PARKING_GROUND,CAR,49.5807393,9.7102419,6,,False,2025-12-10T01:00:54Z
39,INFRA-de:08225:9129-PARKPLATZ-2,Parkplatz,OFF_STREET_PARKING_GROUND,CAR,49.3982513,9.0744449,18,,False,2025-12-10T01:00:54Z
39,INFRA-de:08225:9129-PARKPLATZ-3,Parkplatz,OFF_STREET_PARKING_GROUND,CAR,49.3987758,9.0744748,12,,False,2025-12-10T01:00:54Z
39,INFRA-de:08225:9180-PARKPLATZ-2,Parkplatz,OFF_STREET_PARKING_GROUND,CAR,49.3479420,9.1130538,13,,False,2025-12-10T01:00:54Z
39,INFRA-de:08226:200-PARKPLATZ-1,Parkplatz,OFF_STREET_PARKING_GROUND,CAR,49.3599572,8.7841173,24,,False,2025-12-10T01:00:54Z
8,76,P1 Kolpinggarage,UNDERGROUND,CAR,49.1917677,9.2260474,29,24/7,False,2025-11-19T10:09:34Z
39,INFRA-de:08237:5001-PARKPLATZ-4,Parkplatz,OFF_STREET_PARKING_GROUND,CAR,48.4423602,8.6891131,5,,False,2025-12-10T01:00:54Z
39,INFRA-de:08436:32006-PARKPLATZ-1,Parkplatz,OFF_STREET_PARKING_GROUND,CAR,47.8239125,9.8087674,6,,False,2025-12-10T01:00:55Z
59,b35a47a7f96a122ca2d4be26131f74ec,Schneeburgstraße,ON_STREET,CAR,47.9783738,7.8105101,20,,False,2025-12-10T01:01:28Z
24,Parkplatz Farbstr.,Parkplatz Farbstr.,OFF_STREET_PARKING_GROUND,CAR,48.9582300,9.1229000,137,,True,2025-12-10T01:02:43Z
12,54,Kongresszentrum PH1,CAR_PARK,CAR,49.0037051,8.4019720,495,,True,2023-12-31T00:00:00Z
60,851767706-0.0-104.03687774484072,Humboldtstraße,ON_STREET,CAR,49.4148623,8.6779587,20,,False,2025-12-10T01:02:59Z
60,53062373-72.89014889572205-99.56514889572205,Keplerstraße,ON_STREET,CAR,49.4164776,8.6855499,5,,False,2025-12-10T01:02:59Z
61,353,353,ON_STREET,CAR,48.7345358,9.3151053,4,,False,2021-11-02T12:00:00Z
38,INFRA-de:08436:8000-FAHRRADANLAGE-2,Parkplatz,WALL_LOOPS,BIKE,47.7838844,9.6060428,80,,False,2025-12-10T01:03:37Z
39,INFRA-de:08115:5773-PARKPLATZ-3,Parkplatz,OFF_STREET_PARKING_GROUND,CAR,48.6620962,8.9418725,53,,False,2025-12-10T01:00:54Z
39,INFRA-de:08125:1023-PARKPLATZ-2,Parkplatz,OFF_STREET_PARKING_GROUND,CAR,49.1440689,9.4042071,20,,False,2025-12-10T01:00:54Z
39,INFRA-de:08215:1548-PARKPLATZ-1,Parkplatz,OFF_STREET_PARKING_GROUND,CAR,49.0238003,8.6477278,3,,False,2025-12-10T01:00:54Z
39,INFRA-de:08222:2417-PARKPLATZ-4,Parkplatz,OFF_STREET_PARKING_GROUND,CAR,49.4784940,8.4681010,12,,False,2025-12-10T01:00:54Z
39,INFRA-de:08235:10198-PARKPLATZ-1,Parkplatz,OFF_STREET_PARKING_GROUND,CAR,48.5653224,8.6184458,4,,False,2025-12-10T01:00:54Z
39,INFRA-de:08317:11071-PARKPLATZ-1,Parkplatz,OFF_STREET_PARKING_GROUND,CAR,48.3806976,8.1400317,10,,False,2025-12-10T01:00:54Z
8,78,Heidelberger Straße,OFF_STREET_PARKING_GROUND,CAR,49.2027930,9.2426830,53,24/7,False,2025-11-19T10:09:34Z
39,INFRA-de:08436:8122-PARKPLATZ-1,Parkplatz,OFF_STREET_PARKING_GROUND,CAR,47.7514055,9.5745387,10,,False,2025-12-10T01:00:55Z
62,168,Weinbergstraße,OFF_STREET_PARKING_GROUND,CAR,48.9022701,8.5782692,8,24/7,False,2023-08-30T12:00:00Z
62,53,Weinbergstraße,ON_STREET,CAR,48.9019544,8.5784355,12,,False,2023-08-30T12:00:00Z
59,b372b9aafb5555b1a2617e9cb71ee24d,Christahof,ON_STREET,CAR,47.9889510,7.8027195,1,,False,2025-12-10T01:01:28Z
26,5723,"Siegen, Reichwalds Ecke",CAR_PARK,CAR,50.8768920,8.0205960,428,24/7,False,2025-05-12T10:35:43Z
6,100006-parking,Parkhaus Aschaffenburg Hauptbahnhof,CAR_PARK,CAR,49.9798470,9.1436420,459,24/7,False,2025-12-10T01:02:02Z
7,199,Parkhaus Rohrwang,CAR_PARK,CAR,48.8393954,10.0714753,247,,False,2025-12-10T01:01:21Z
26,6185,"Aschaffenburg, Luitpoldstraße",CAR_PARK,CAR,49.9771460,9.1447830,405,24/7,False,2025-10-09T04:54:39Z
61,2,2,ON_STREET,CAR,48.7424116,9.3063601,4,,False,2022-03-15T12:00:00Z
6,100007-parking,Parkplatz Aschaffenburg Kolbornstraße,OFF_STREET_PARKING_GROUND,CAR,49.9804910,9.1518990,33,24/7,False,2025-12-10T01:02:02Z
9,1003,Sommerrain,OFF_STREET_PARKING_GROUND,CAR,48.8148970,9.2501544,314,24/7,False,2025-11-19T10:09:31Z
9,1007,Backnang Parkhaus,CAR_PARK,CAR,48.9428524,9.4248198,224,24/7,False,2025-11-19T10:09:31Z
38,INFRA-de:08116:4257-FAHRRADANLAGE-5,Parkplatz,LOCKERS,BIKE,48.6739817,9.3733259,10,,False,2025-12-10T01:03:36Z
38,INFRA-de:08119:5790-FAHRRADANLAGE-1,Parkplatz,WALL_LOOPS,BIKE,48.8433143,9.5394333,8,,False,2025-12-10T01:03:36Z
38,INFRA-de:08119:7600-FAHRRADANLAGE-8,Parkplatz,LOCKERS,BIKE,48.9430196,9.4266779,10,,False,2025-12-10T01:03:36Z
38,INFRA-de:08119:7601-FAHRRADANLAGE-7,Parkplatz,OTHER,BIKE,48.9261984,9.4191331,30,,False,2025-12-10T01:03:36Z
62,140,Schillerstraße,ON_STREET,CAR,48.8964109,8.5992347,0,24/7,False,2023-08-30T12:00:00Z
62,54,Heinrich-Grebe-Straße,ON_STREET,CAR,48.9023264,8.5787469,9,24/7,False,2023-08-30T12:00:00Z
39,INFRA-de:08111:6115-PARKPLATZ-2,Parkplatz,OTHER,CAR,48.7867948,9.1815003,5,,False,2025-12-10T01:00:53Z
39,INFRA-de:08115:6525-PARKPLATZ-1,Parkplatz,OFF_STREET_PARKING_GROUND,CAR,48.6447802,9.0089752,11,,False,2025-12-10T01:00:54Z
39,INFRA-de:08116:7003-PARKPLATZ-2,Parkplatz,OFF_STREET_PARKING_GROUND,CAR,48.6920797,9.1684666,4,,False,2025-12-10T01:00:54Z
39,INFRA-de:08116:7003-PARKPLATZ-4,Parkplatz,OFF_STREET_PARKING_GROUND,CAR,48.6918887,9.1693868,20,,False,2025-12-10T01:00:54Z
39,INFRA-de:08125:2003-PARKPLATZ-2,Parkplatz,OFF_STREET_PARKING_GROUND,CAR,49.1499892,9.3158685,2,,False,2025-12-10T01:00:54Z
39,INFRA-de:08125:4344-PARKPLATZ-3,Parkplatz,OFF_STREET_PARKING_GROUND,CAR,49.1477623,9.2882337,8,,False,2025-12-10T01:00:54Z
38,INFRA-de:08215:1406-FAHRRADANLAGE-1,Parkplatz,WALL_LOOPS,BIKE,48.8976756,8.4745203,12,,False,2025-12-10T01:03:36Z
39,INFRA-de:08115:7302-PARKPLATZ-2,Parkplatz,OFF_STREET_PARKING_GROUND,CAR,48.7751009,8.9325278,22,,False,2025-12-10T01:00:54Z
50,2-2-2-1222006-951,P+R Parkhaus am Bahnhof Wiesloch-Walldorf,CAR_PARK,CAR,49.2911400,8.6649200,263,24/7,True,2025-12-10T01:02:47Z
39,INFRA-de:08126:19600-PARKPLATZ-1,Parkplatz,OFF_STREET_PARKING_GROUND,CAR,49.1620461,9.4338704,29,,False,2025-12-10T01:00:54Z
26,1495,"Hamburg, Marktplatz-Galerie Bramfeld",CAR_PARK,CAR,53.6119430,10.0769340,435,Mo-Fr 07:00-22:00; Sa 07:00-22:00,False,2025-11-28T07:37:52Z
61,3,3,ON_STREET,CAR,48.7424280,9.3065537,1,,False,2022-03-15T12:00:00Z
9,1017,Zuffenhausen Parkplatz,OFF_STREET_PARKING_GROUND,CAR,48.8306334,9.1653627,188,24/7,False,2025-11-19T10:09:31Z
28,151766506,Abstellanlage,STANDS,BIKE,48.4775444,8.9345036,12,,False,2025-12-10T01:02:49Z
28,152443403,Abstellanlage,OTHER,BIKE,49.2107411,9.2473082,5,,False,2025-12-10T01:02:49Z
39,INFRA-de:08127:20492-PARKPLATZ-1,Parkplatz,OFF_STREET_PARKING_GROUND,CAR,49.2494351,10.0296195,21,,False,2025-12-10T01:00:54Z
39,INFRA-de:08127:21001-PARKPLATZ-2,Parkplatz,OFF_STREET_PARKING_GROUND,CAR,49.1394637,10.0643046,8,,False,2025-12-10T01:00:54Z
8,47,P3 Klostergraben,UNDERGROUND,CAR,49.1903376,9.2259890,41,24/7,False,2025-11-19T10:09:34Z
28,152443437,Abstellanlage,OTHER,BIKE,49.1913072,9.2067197,12,,False,2025-12-10T01:02:49Z
38,INFRA-de:08116:5794-FAHRRADANLAGE-1,Parkplatz,WALL_LOOPS,BIKE,48.5583493,9.3743177,5,,False,2025-12-10T01:03:36Z
62,79,Römerstraße,ON_STREET,CAR,48.9007675,8.5740147,7,24/7,False,2023-08-30T12:00:00Z
38,INFRA-de:08117:158-FAHRRADANLAGE-1,Parkplatz,STANDS,BIKE,48.6605815,9.7877491,22,,False,2025-12-10T01:03:36Z
38,INFRA-de:08119:7701-FAHRRADANLAGE-2,Parkplatz,WALL_LOOPS,BIKE,48.8156444,9.3184064,24,,False,2025-12-10T01:03:36Z
39,INFRA-de:08136:1906-PARKPLATZ-2,Parkplatz,OFF_STREET_PARKING_GROUND,CAR,48.8591960,10.1034810,30,,False,2025-12-10T01:00:54Z
39,INFRA-de:08215:32585-PARKPLATZ-5,Parkplatz,OFF_STREET_PARKING_GROUND,CAR,49.1612901,8.4916596,160,,False,2025-12-10T01:00:54Z
39,INFRA-de:08315:6517-PARKPLATZ-2,Parkplatz,OFF_STREET_PARKING_GROUND,CAR,48.0406717,7.6500885,14,,False,2025-12-10T01:00:54Z
39,INFRA-de:08415:22003-PARKPLATZ-1,Parkplatz,OFF_STREET_PARKING_GROUND,CAR,48.5124374,9.1509806,11,,False,2025-12-10T01:00:54Z
59,97929592d1b8adaf0e16c6b319aee70d,Hugstmattweg,ON_STREET,CAR,47.9978138,7.7162913,3,,False,2025-12-10T01:01:28Z
60,851767717-20.95-72.675,Parkplatz,ON_STREET,CAR,49.4155905,8.6786154,20,,False,2025-12-10T01:02:59Z
9,1022,Weilimdorf Weissacher Str. Nord,OFF_STREET_PARKING_GROUND,CAR,48.8214523,9.0929134,168,24/7,False,2025-11-19T10:09:31Z
6,100011-parking,Parkplatz Bad Hersfeld Bahnhofsplatz,OFF_STREET_PARKING_GROUND,CAR,50.8704410,9.7161960,41,24/7,False,2025-12-10T01:02:02Z
62,139,Schillerstraße,ON_STREET,CAR,48.8964023,8.5992758,0,24/7,False,2023-08-30T12:00:00Z
28,152443434,Abstellanlage,OTHER,BIKE,49.1913483,9.2064643,12,,False,2025-12-10T01:02:49Z
62,134,Poststraße,ON_STREET,CAR,48.8961138,8.5993857,0,24/7,False,2023-08-30T12:00:00Z
62,153,Schulstraße,ON_STREET,CAR,48.8965225,8.6000310,4,24/7,False,2023-08-30T12:00:00Z
70,185,Rheingaustraße,ON_STREET,CAR,49.4730663,8.6099126,1,,False,2025-11-19T10:10:48Z
28,152443441,Abstellanlage,OTHER,BIKE,49.1759023,9.2242604,5,,False,2025-12-10T01:02:49Z
39,INFRA-de:08119:7605-PARKPLATZ-3,Parkplatz,OTHER,CAR,48.8796308,9.3925686,1,,False,2025-12-10T01:00:54Z
39,INFRA-de:08125:1438-PARKPLATZ-10,Parkplatz,OFF_STREET_PARKING_GROUND,CAR,49.0786857,9.1512499,73,,False,2025-12-10T01:00:54Z
39,INFRA-de:08125:1438-PARKPLATZ-8,Parkplatz,OFF_STREET_PARKING_GROUND,CAR,49.0756013,9.1441486,58,,False,2025-12-10T01:00:54Z
39,INFRA-de:08125:1907-PARKPLATZ-1,Parkplatz,OFF_STREET_PARKING_GROUND,CAR,49.2970809,9.3059987,10,,False,2025-12-10T01:00:54Z
39,INFRA-de:08136:2007-PARKPLATZ-1,Parkplatz,OFF_STREET_PARKING_GROUND,CAR,48.9646615,10.1299403,1,,False,2025-12-10T01:00:54Z
39,INFRA-de:08215:1557-PARKPLATZ-1,Parkplatz,OFF_STREET_PARKING_GROUND,CAR,49.0450951,8.7246010,7,,False,2025-12-10T01:00:54Z
39,INFRA-de:08221:1160-PARKPLATZ-3,Parkplatz,OFF_STREET_PARKING_GROUND,CAR,49.4039028,8.6767580,40,,False,2025-12-10T01:00:54Z
28,152443481,Abstellanlage,LOCKERS,BIKE,48.9645368,10.1298962,24,,False,2025-12-10T01:02:49Z
28,91616839,Abstellanlage,STANDS,BIKE,48.8904354,8.6979892,10,,False,2025-12-10T01:02:49Z
28,91616890,Abstellanlage,STANDS,BIKE,48.8886391,8.6973843,20,,False,2025-12-10T01:02:49Z
38,INFRA-de:08117:161-FAHRRADANLAGE-2,Parkplatz,TWO_TIER,BIKE,48.6186814,9.8416517,48,,False,2025-12-10T01:03:36Z
38,INFRA-de:08121:26-FAHRRADANLAGE-2,Parkplatz,OTHER,BIKE,49.1432061,9.2089773,10,,False,2025-12-10T01:03:36Z
38,INFRA-de:08237:7101-FAHRRADANLAGE-1,Parkplatz,WALL_LOOPS,BIKE,48.4369363,8.7037121,3,,False,2025-12-10T01:03:37Z
26,3565,"Chemnitz, Rathaus Passagen",CAR_PARK,CAR,50.8350550,12.9200210,480,24/7,False,2025-10-13T12:06:26Z
70,189,P Neue Anlage,ON_STREET,CAR,49.4735751,8.6130744,57,,False,2025-11-19T10:10:48Z
6,100013-parking,Parkplatz Bahnhof Bad Kreuznach,OFF_STREET_PARKING_GROUND,CAR,49.8415200,7.8652870,54,24/7,False,2025-12-10T01:02:02Z
28,91616867,Abstellanlage,WALL_LOOPS,BIKE,48.8334309,8.7324107,6,,False,2025-12-10T01:02:49Z
28,91617129,Abstellanlage,STANDS,BIKE,48.8855960,8.6957292,6,,False,2025-12-10T01:02:49Z
38,INFRA-de:08118:7400-FAHRRADANLAGE-1,Parkplatz,WALL_LOOPS,BIKE,48.9079684,9.1476541,26,,False,2025-12-10T01:03:36Z
38,INFRA-de:08225:9129-FAHRRADANLAGE-2,Parkplatz,WALL_LOOPS,BIKE,49.3985444,9.0744975,10,,False,2025-12-10T01:03:37Z
39,INFRA-de:08116:4211-PARKPLATZ-3,Parkplatz,OFF_STREET_PARKING_GROUND,CAR,48.6451145,9.4437302,4,,False,2025-12-10T01:00:54Z
39,INFRA-de:08119:5761-PARKPLATZ-1,Parkplatz,OFF_STREET_PARKING_GROUND,CAR,48.7962633,9.5957735,25,,False,2025-12-10T01:00:54Z
39,INFRA-de:08119:7600-PARKPLATZ-2,Parkplatz,OFF_STREET_PARKING_GROUND,CAR,48.9422429,9.4259232,60,,False,2025-12-10T01:00:54Z
39,INFRA-de:08119:7701-PARKPLATZ-2,Parkplatz,OFF_STREET_PARKING_GROUND,CAR,48.8151020,9.3198779,30,,False,2025-12-10T01:00:54Z
38,INFRA-de:08226:1892-FAHRRADANLAGE-14,Parkplatz,STANDS,BIKE,49.3415178,8.6694116,72,,False,2025-12-10T01:03:37Z
38,INFRA-de:08236:2290-FAHRRADANLAGE-2,Parkplatz,WALL_LOOPS,BIKE,48.9855973,8.7537114,60,,False,2025-12-10T01:03:37Z
39,INFRA-de:08119:7703-PARKPLATZ-4,Parkplatz,OFF_STREET_PARKING_GROUND,CAR,48.8065543,9.5257877,7,,False,2025-12-10T01:00:54Z
39,INFRA-de:08121:26-PARKPLATZ-3,Parkplatz,OFF_STREET_PARKING_GROUND,CAR,49.1425184,9.2074417,15,,False,2025-12-10T01:00:54Z
39,INFRA-de:08121:3033-PARKPLATZ-1,Parkplatz,OFF_STREET_PARKING_GROUND,CAR,49.1407170,9.2340055,2,,False,2025-12-10T01:00:54Z
39,INFRA-de:08125:1913-PARKPLATZ-1,Parkplatz,OFF_STREET_PARKING_GROUND,CAR,49.3618166,9.3415720,35,,False,2025-12-10T01:00:54Z
39,INFRA-de:08136:4214-PARKPLATZ-1,Parkplatz,OFF_STREET_PARKING_GROUND,CAR,48.8556937,10.3509231,9,,False,2025-12-10T01:00:54Z
38,INFRA-de:08316:6715-FAHRRADANLAGE-1,Parkplatz,STANDS,BIKE,48.1181241,7.7476098,18,,False,2025-12-10T01:03:37Z
38,INFRA-de:08317:33013-FAHRRADANLAGE-7,Parkplatz,LOCKERS,BIKE,48.6332494,8.0667666,100,,False,2025-12-10T01:03:37Z
39,INFRA-de:08136:5071-PARKPLATZ-1,Parkplatz,OFF_STREET_PARKING_GROUND,CAR,49.0339262,10.2705825,55,,False,2025-12-10T01:00:54Z
39,INFRA-de:08136:7027-PARKPLATZ-1,Parkplatz,OFF_STREET_PARKING_GROUND,CAR,48.8012885,9.6987298,40,,False,2025-12-10T01:00:54Z
60,851826817-96.025-139.7,Quinckestraße,ON_STREET,CAR,49.4200998,8.6828331,8,,False,2025-12-10T01:02:59Z
70,213,Schmezerstraße,ON_STREET,CAR,49.4734704,8.6057477,17,,False,2025-11-19T10:10:48Z
6,100014-parking,Parkplatz Bahnhof Bad Oldesloe zwischen den Gleisen,OFF_STREET_PARKING_GROUND,CAR,53.8059620,10.3828250,28,24/7,False,2025-12-10T01:02:02Z
28,127232802,Abstellanlage,OTHER,BIKE,48.6397911,9.6002587,11,,False,2025-12-10T01:02:49Z
38,INFRA-de:08118:7400-FAHRRADANLAGE-3,Parkplatz,WALL_LOOPS,BIKE,48.9070986,9.1476108,15,,False,2025-12-10T01:03:36Z
38,INFRA-de:08121:26-FAHRRADANLAGE-8,Parkplatz,STANDS,BIKE,49.1424508,9.2065614,42,,False,2025-12-10T01:03:36Z
38,INFRA-de:08226:35055-FAHRRADANLAGE-2,Parkplatz,STANDS,BIKE,49.4066976,8.5547541,14,,False,2025-12-10T01:03:37Z
38,INFRA-de:08226:3545-FAHRRADANLAGE-1,Parkplatz,WALL_LOOPS,BIKE,49.2718665,8.8385534,39,,False,2025-12-10T01:03:37Z
39,INFRA-de:08118:5639-PARKPLATZ-4,Parkplatz,OFF_STREET_PARKING_GROUND,CAR,48.9609959,9.0632881,28,,False,2025-12-10T01:00:54Z
38,INFRA-de:08226:3550-FAHRRADANLAGE-8,Parkplatz,WALL_LOOPS,BIKE,49.2502644,8.8757658,9,,False,2025-12-10T01:03:37Z
39,INFRA-de:08125:2002-PARKPLATZ-3,Parkplatz,OFF_STREET_PARKING_GROUND,CAR,49.2295582,9.1671978,2,,False,2025-12-10T01:00:54Z
39,INFRA-de:08125:2002-PARKPLATZ-1,Parkplatz,OFF_STREET_PARKING_GROUND,CAR,49.2294180,9.1678422,55,,False,2025-12-10T01:00:54Z
39,INFRA-de:08125:2004-PARKPLATZ-1,Parkplatz,OFF_STREET_PARKING_GROUND,CAR,49.1487960,9.3427024,30,,False,2025-12-10T01:00:54Z
39,INFRA-de:08211:1847-PARKPLATZ-19,Parkplatz,OFF_STREET_PARKING_GROUND,CAR,48.7897060,8.1911080,309,,False,2025-12-10T01:00:54Z
39,INFRA-de:08215:1551-PARKPLATZ-11,Parkplatz,OFF_STREET_PARKING_GROUND,CAR,49.0373075,8.6946594,4,,False,2025-12-10T01:00:54Z
39,INFRA-de:08215:1853-PARKPLATZ-1,Parkplatz,OFF_STREET_PARKING_GROUND,CAR,49.0591609,8.5209617,37,,False,2025-12-10T01:00:54Z
39,INFRA-de:08235:10101-PARKPLATZ-1,Parkplatz,OFF_STREET_PARKING_GROUND,CAR,48.5482490,8.7141510,200,,False,2025-12-10T01:00:54Z
21,801,"Parking du Griffon, rue du Griffon",STANDS,BIKE,48.7417236,7.3590409,9,,False,2025-12-10T01:01:52Z
21,809,"Poste, rue de la Poste",STANDS,BIKE,48.7442390,7.3621633,6,,False,2025-12-10T01:01:52Z
60,851837435-6.846707217002972-26.396707217002977,Keplerstraße,ON_STREET,CAR,49.4194086,8.6849749,3,,False,2025-12-10T01:02:59Z
9,1261,Oberaichen Wilhelm-Haas-Str. Süd,OFF_STREET_PARKING_GROUND,CAR,48.7046343,9.1283326,51,24/7,False,2025-11-19T10:09:31Z
70,227,Bahnhofstraße,ON_STREET,CAR,49.4720878,8.6030875,1,,False,2025-11-19T10:10:48Z
26,4623,"Düsseldorf, Deutsch Japanisches Center",UNDERGROUND,CAR,51.2222880,6.7893130,580,24/7,False,2025-12-01T09:33:53Z
73,6,Wirthstraße,LOCKERS,BIKE,48.0272954,7.8119745,3,24/7,False,2025-12-10T01:02:46Z
28,130744034,Abstellanlage,STANDS,BIKE,47.7613376,8.8369128,10,,False,2025-12-10T01:02:49Z
28,130744035,Abstellanlage,STANDS,BIKE,47.7608384,8.8378028,6,,False,2025-12-10T01:02:49Z
38,INFRA-de:08118:7400-FAHRRADANLAGE-4,Parkplatz,LOCKERS,BIKE,48.9071312,9.1476215,10,,False,2025-12-10T01:03:36Z
38,INFRA-de:08226:3550-FAHRRADANLAGE-3,Parkplatz,WALL_LOOPS,BIKE,49.2501816,8.8745187,9,,False,2025-12-10T01:03:37Z
38,INFRA-de:08226:3550-FAHRRADANLAGE-4,Parkplatz,LOCKERS,BIKE,49.2499958,8.8769184,8,,False,2025-12-10T01:03:37Z
38,INFRA-de:08226:3806-FAHRRADANLAGE-5,Parkplatz,WALL_LOOPS,BIKE,49.2430875,8.6524632,27,,False,2025-12-10T01:03:37Z
39,INFRA-de:08118:5723-PARKPLATZ-1,Parkplatz,OFF_STREET_PARKING_GROUND,CAR,49.0389419,9.1508341,100,,False,2025-12-10T01:00:54Z
39,INFRA-de:08125:2032-PARKPLATZ-1,Parkplatz,OFF_STREET_PARKING_GROUND,CAR,49.1377420,9.3782432,19,,False,2025-12-10T01:00:54Z
39,INFRA-de:08125:4344-PARKPLATZ-5,Parkplatz,OFF_STREET_PARKING_GROUND,CAR,49.1476476,9.2889349,16,,False,2025-12-10T01:00:54Z
39,INFRA-de:08125:620-PARKPLATZ-4,Parkplatz,OFF_STREET_PARKING_GROUND,CAR,49.1895114,9.2192399,77,,False,2025-12-10T01:00:54Z
39,INFRA-de:08128:13015-PARKPLATZ-9,Parkplatz,OFF_STREET_PARKING_GROUND,CAR,49.6240490,9.6579456,26,,False,2025-12-10T01:00:54Z
38,INFRA-de:08226:4081-FAHRRADANLAGE-2,Parkplatz,WALL_LOOPS,BIKE,49.5291005,8.6503752,22,,False,2025-12-10T01:03:37Z
38,INFRA-de:08226:4252-FAHRRADANLAGE-1,Parkplatz,WALL_LOOPS,BIKE,49.2916215,8.6646173,110,,False,2025-12-10T01:03:37Z
38,INFRA-de:08226:4252-FAHRRADANLAGE-5,Parkplatz,BUILDING,BIKE,49.2913817,8.6640100,55,,False,2025-12-10T01:03:37Z
26,5057,"Köln, Am Gürzenich",UNDERGROUND,CAR,50.9372420,6.9576920,315,Mo 07:00-22:00; Tu 07:00-22:00; We 07:00-22:00; Th 07:00-22:00; Fr 07:00-24:00; Sa 00:00-24:00; Su 00:00-22:00,False,2025-12-08T11:20:25Z
7,257,Parkgarage Kernerplatz 9+10,UNDERGROUND,CAR,48.7846477,9.1892672,141,,False,2025-12-10T01:00:32Z
50,2-2-2-179073-None,P+R Rimbach-Zotzenbach Bf P1,OFF_STREET_PARKING_GROUND,CAR,49.6097200,8.7535300,28,24/7,True,2025-12-10T01:02:47Z
39,INFRA-de:08118:7000-PARKPLATZ-3,Parkplatz,OFF_STREET_PARKING_GROUND,CAR,48.8240704,9.0656361,6,,False,2025-12-10T01:00:54Z
28,130744048,Abstellanlage,STANDS,BIKE,47.7606941,8.8396923,5,,False,2025-12-10T01:02:49Z
60,-854920649-127.2-134.95,Henkel-Teroson-Straße,ON_STREET,CAR,49.4065001,8.6521357,3,,False,2025-12-10T01:02:59Z
38,INFRA-de:08119:1601-FAHRRADANLAGE-1,Parkplatz,WALL_LOOPS,BIKE,48.9031022,9.4148068,24,,False,2025-12-10T01:03:36Z
38,INFRA-de:08128:13234-FAHRRADANLAGE-1,Parkplatz,WALL_LOOPS,BIKE,49.4730050,9.8735293,8,,False,2025-12-10T01:03:36Z
38,INFRA-de:08235:7380-FAHRRADANLAGE-1,Parkplatz,WALL_LOOPS,BIKE,48.6578500,8.5982467,6,,False,2025-12-10T01:03:37Z
38,INFRA-de:08235:8961-FAHRRADANLAGE-4,Parkplatz,STANDS,BIKE,48.7485830,8.5504173,8,,False,2025-12-10T01:03:37Z
38,INFRA-de:08416:10192-FAHRRADANLAGE-1,Parkplatz,STANDS,BIKE,48.5236963,9.0513887,34,,False,2025-12-10T01:03:37Z
38,INFRA-de:08435:32007-FAHRRADANLAGE-2,Parkplatz,WALL_LOOPS,BIKE,47.6830376,9.5480321,10,,False,2025-12-10T01:03:37Z
39,INFRA-de:08125:7403-PARKPLATZ-1,Parkplatz,OFF_STREET_PARKING_GROUND,CAR,49.1450564,9.1155531,3,,False,2025-12-10T01:00:54Z
39,INFRA-de:08126:19603-PARKPLATZ-1,Parkplatz,OFF_STREET_PARKING_GROUND,CAR,49.1996908,9.4830500,146,,False,2025-12-10T01:00:54Z
39,INFRA-de:08128:12910-PARKPLATZ-1,Parkplatz,OFF_STREET_PARKING_GROUND,CAR,49.4038367,9.9150653,10,,False,2025-12-10T01:00:54Z
39,INFRA-de:08215:2008-PARKPLATZ-1,Parkplatz,OFF_STREET_PARKING_GROUND,CAR,49.0061384,8.5302042,8,,False,2025-12-10T01:00:54Z
39,INFRA-de:08215:31008-PARKPLATZ-1,Parkplatz,OFF_STREET_PARKING_GROUND,CAR,49.1795572,8.7443571,30,,False,2025-12-10T01:00:54Z
39,INFRA-de:08215:32093-PARKPLATZ-9,Parkplatz,OFF_STREET_PARKING_GROUND,CAR,49.1081844,8.8525827,12,,False,2025-12-10T01:00:54Z
39,INFRA-de:08215:32504-PARKPLATZ-1,Parkplatz,OFF_STREET_PARKING_GROUND,CAR,49.2611570,8.4824050,32,,False,2025-12-10T01:00:54Z
39,INFRA-de:08226:3547-PARKPLATZ-1,Parkplatz,OFF_STREET_PARKING_GROUND,CAR,49.2159062,8.9212830,19,,False,2025-12-10T01:00:54Z
39,INFRA-de:08415:21513-PARKPLATZ-1,Parkplatz,OFF_STREET_PARKING_GROUND,CAR,48.5022332,9.3768664,50,,False,2025-12-10T01:00:54Z
9,2103,Freiberg (N) Bahnhofstr. Ost,ON_STREET,CAR,48.9307316,9.1994615,46,24/7,False,2025-11-19T10:09:31Z
12,61,Schlossplatz,CAR_PARK,CAR,49.0109649,8.4040828,912,,True,2023-12-31T00:00:00Z
2,14,P8 Unterlinden,CAR_PARK,CAR,47.9978678,7.8488676,208,,True,2025-12-10T01:03:59Z
64,79151538,Bülow Carre,UNDERGROUND,CAR,48.7812200,9.1788600,108,24/7,True,2025-06-18T09:43:51Z
6,100015-parking,Parkplatz Bahnhof Bad Oldesloe in Zufahrt,OFF_STREET_PARKING_GROUND,CAR,53.8066510,10.3834520,14,24/7,False,2025-12-10T01:02:02Z
61,15,15,ON_STREET,MOTORCYCLE,48.7395615,9.3087725,6,,False,2023-01-16T12:00:00Z
38,INFRA-de:08135:1579-FAHRRADANLAGE-1,Parkplatz,WALL_LOOPS,BIKE,48.5591180,10.2850603,60,,False,2025-12-10T01:03:36Z
38,INFRA-de:08212:90-FAHRRADANLAGE-6,Parkplatz,STANDS,BIKE,48.9940199,8.3992285,32,,False,2025-12-10T01:03:36Z
38,INFRA-de:08235:9070-FAHRRADANLAGE-2,Parkplatz,WALL_LOOPS,BIKE,48.4826592,8.7242817,2,,False,2025-12-10T01:03:37Z
38,INFRA-de:08235:9558-FAHRRADANLAGE-1,Parkplatz,WALL_LOOPS,BIKE,48.8026777,8.4390374,34,,False,2025-12-10T01:03:37Z
38,INFRA-de:08236:2590-FAHRRADANLAGE-4,Parkplatz,STANDS,BIKE,48.9564080,8.9198920,8,,False,2025-12-10T01:03:37Z
38,INFRA-de:08236:2590-FAHRRADANLAGE-5,Parkplatz,STANDS,BIKE,48.9563882,8.9198658,8,,False,2025-12-10T01:03:37Z
38,INFRA-de:08236:2790-FAHRRADANLAGE-4,Parkplatz,WALL_LOOPS,BIKE,48.9662217,8.8138550,14,,False,2025-12-10T01:03:37Z
38,INFRA-de:08236:3090-FAHRRADANLAGE-4,Parkplatz,WALL_LOOPS,BIKE,48.9526928,8.8448185,52,,False,2025-12-10T01:03:37Z
38,INFRA-de:08236:3090-FAHRRADANLAGE-5,Parkplatz,WALL_LOOPS,BIKE,48.9527405,8.8450809,104,,False,2025-12-10T01:03:37Z
38,INFRA-de:08236:3090-FAHRRADANLAGE-6,Parkplatz,STANDS,BIKE,48.9527839,8.8464808,6,,False,2025-12-10T01:03:37Z
39,INFRA-de:08125:4665-PARKPLATZ-1,Parkplatz,OFF_STREET_PARKING_GROUND,CAR,49.0582711,9.2806585,17,,False,2025-12-10T01:00:54Z
39,INFRA-de:08125:912-PARKPLATZ-4,Parkplatz,OFF_STREET_PARKING_GROUND,CAR,49.3206407,9.3585350,28,,False,2025-12-10T01:00:54Z
39,INFRA-de:08127:20013-PARKPLATZ-3,Parkplatz,OFF_STREET_PARKING_GROUND,CAR,49.1084218,9.7338313,5,,False,2025-12-10T01:00:54Z
39,INFRA-de:08127:20015-PARKPLATZ-3,Parkplatz,OFF_STREET_PARKING_GROUND,CAR,49.0974158,9.7684928,65,,False,2025-12-10T01:00:54Z
39,INFRA-de:08215:32509-PARKPLATZ-2,Parkplatz,OFF_STREET_PARKING_GROUND,CAR,49.2479527,8.5084201,20,,False,2025-12-10T01:00:54Z
38,INFRA-de:08237:1431-FAHRRADANLAGE-1,Parkplatz,WALL_LOOPS,BIKE,48.5988553,8.3836876,14,,False,2025-12-10T01:03:37Z
7,263,Parkplatz Nord,OFF_STREET_PARKING_GROUND,CAR,47.6912390,9.1825220,350,,True,2025-12-10T01:01:05Z
9,7002,Hornbach (Aldingen),OFF_STREET_PARKING_GROUND,CAR,48.8565678,9.2496677,271,24/7,False,2025-11-19T10:09:31Z
9,7003,Geroksruhe,OFF_STREET_PARKING_GROUND,CAR,48.7659843,9.2007449,51,,False,2025-11-19T10:09:31Z
9,7004,Heumaden,CAR_PARK,CAR,48.7384405,9.2339413,32,,False,2025-11-19T10:09:31Z
9,7005,Ruhbank,OFF_STREET_PARKING_GROUND,CAR,48.7529216,9.1927778,116,,False,2025-11-19T10:09:31Z
6,100016-parking,Bahnhof Bamberg Vorplatz,OFF_STREET_PARKING_GROUND,CAR,49.9001870,10.8991930,34,24/7,False,2025-12-10T01:02:02Z
38,INFRA-de:08119:1701-FAHRRADANLAGE-4,Parkplatz,STANDS,BIKE,48.8119888,9.3520811,22,,False,2025-12-10T01:03:36Z
38,INFRA-de:08119:1701-FAHRRADANLAGE-1,Parkplatz,STANDS,BIKE,48.8117577,9.3516757,28,,False,2025-12-10T01:03:36Z
62,135,Poststraße,ON_STREET,CAR,48.8960868,8.5993726,3,24/7,False,2023-08-30T12:00:00Z
62,137,Poststraße,ON_STREET,CAR,48.8962240,8.5988468,3,24/7,False,2023-08-30T12:00:00Z
38,INFRA-de:08237:1502-FAHRRADANLAGE-2,Parkplatz,STANDS,BIKE,48.5937539,8.3806671,10,,False,2025-12-10T01:03:37Z
38,INFRA-de:08237:32983-FAHRRADANLAGE-1,Parkplatz,WALL_LOOPS,BIKE,48.4675603,8.4209180,20,,False,2025-12-10T01:03:37Z
38,INFRA-de:08237:3801-FAHRRADANLAGE-2,Parkplatz,WALL_LOOPS,BIKE,48.3437878,8.3984547,20,,False,2025-12-10T01:03:37Z
45,799,Tafellädle Deutsches Rotes Kreuz,WALL_LOOPS,BIKE,48.5986580,8.8672250,5,,False,2023-08-23T00:00:00Z
39,INFRA-de:08118:7400-PARKPLATZ-2,Parkplatz,OFF_STREET_PARKING_GROUND,CAR,48.9067089,9.1472146,12,,False,2025-12-10T01:00:54Z
38,INFRA-de:08326:6627-FAHRRADANLAGE-1,Parkplatz,WALL_LOOPS,BIKE,48.0408245,8.5055051,14,,False,2025-12-10T01:03:37Z
39,INFRA-de:08125:5404-PARKPLATZ-4,Parkplatz,OFF_STREET_PARKING_GROUND,CAR,49.1356714,8.9131282,18,,False,2025-12-10T01:00:54Z
39,INFRA-de:08125:620-PARKPLATZ-6,Parkplatz,OFF_STREET_PARKING_GROUND,CAR,49.1886206,9.2201671,4,,False,2025-12-10T01:00:54Z
39,INFRA-de:08125:668-PARKPLATZ-1,Parkplatz,OFF_STREET_PARKING_GROUND,CAR,49.1880008,8.9343693,19,,False,2025-12-10T01:00:54Z
39,INFRA-de:08127:20013-PARKPLATZ-1,Parkplatz,OFF_STREET_PARKING_GROUND,CAR,49.1084052,9.7334325,16,,False,2025-12-10T01:00:54Z
39,INFRA-de:08127:21001-PARKPLATZ-5,Parkplatz,OFF_STREET_PARKING_GROUND,CAR,49.1384278,10.0671796,94,,False,2025-12-10T01:00:54Z
39,INFRA-de:08128:13805-PARKPLATZ-4,Parkplatz,OFF_STREET_PARKING_GROUND,CAR,49.5666626,9.7077224,6,,False,2025-12-10T01:00:54Z
39,INFRA-de:08136:5817-PARKPLATZ-2,Parkplatz,OFF_STREET_PARKING_GROUND,CAR,48.8815203,10.1841188,10,,False,2025-12-10T01:00:54Z
39,INFRA-de:08215:32591-PARKPLATZ-1,Parkplatz,OFF_STREET_PARKING_GROUND,CAR,49.1778059,8.4943818,35,,False,2025-12-10T01:00:54Z
10,5,Parkhaus der Sparkasse,CAR_PARK,CAR,48.8935910,8.6991462,349,24/7,False,2025-11-19T10:09:35Z
61,16,16,ON_STREET,CAR,48.7415207,9.3081083,1,,False,2024-12-09T12:00:00Z
26,1483,"Hamburg, Facharztklinik",UNDERGROUND,CAR,53.5904480,9.9733650,206,24/7,False,2025-10-14T11:50:17Z
26,23234,"Dessau, Rathaus-Center",CAR_PARK,CAR,51.8336900,12.2462800,830,Mo-Fr 07:00-21:00; Sa 07:00-20:30,False,2025-09-18T10:14:26Z
70,234,Bahnhofstraße,ON_STREET,CAR,49.4718618,8.6040129,1,,False,2025-11-19T10:10:48Z
70,237,Bahnhofstraße,ON_STREET,CAR,49.4716069,8.6048846,1,,False,2025-11-19T10:10:48Z
70,244,Bahnhofstraße,ON_STREET,CAR,49.4715209,8.6050121,1,,False,2025-11-19T10:10:48Z
6,100017-parking,Parkplatz Bahnhof Bamberg links,OFF_STREET_PARKING_GROUND,CAR,49.9009740,10.8981950,80,24/7,False,2025-12-10T01:02:02Z
28,91616872,Abstellanlage,WALL_LOOPS,BIKE,48.8831442,8.7341011,13,,False,2025-12-10T01:02:49Z
39,INFRA-de:08118:7503-PARKPLATZ-8,Parkplatz,OFF_STREET_PARKING_GROUND,CAR,48.9432352,9.2651436,16,,False,2025-12-10T01:00:54Z
39,INFRA-de:08216:32124-PARKPLATZ-1,Parkplatz,OFF_STREET_PARKING_GROUND,CAR,48.7602240,8.3403000,30,,False,2025-12-10T01:00:54Z
38,INFRA-de:08215:1152-FAHRRADANLAGE-2,Parkplatz,WALL_LOOPS,BIKE,49.1196852,8.4091662,4,,False,2025-12-10T01:03:36Z
39,INFRA-de:08237:1050-PARKPLATZ-2,Parkplatz,OFF_STREET_PARKING_GROUND,CAR,48.4604327,8.4277484,22,,False,2025-12-10T01:00:54Z
26,1635,"Winsen (Luhe), Am Bahnhof",CAR_PARK,CAR,53.3541000,10.2083000,534,24/7,False,2022-07-18T09:16:04Z
38,INFRA-de:08215:1231-FAHRRADANLAGE-2,Parkplatz,STANDS,BIKE,48.9388250,8.4088827,12,,False,2025-12-10T01:03:36Z
38,INFRA-de:08215:1235-FAHRRADANLAGE-1,Parkplatz,WALL_LOOPS,BIKE,48.9368777,8.4159478,28,,False,2025-12-10T01:03:36Z
38,INFRA-de:08327:1216-FAHRRADANLAGE-1,Parkplatz,STANDS,BIKE,47.9128475,8.6783451,48,,False,2025-12-10T01:03:37Z
38,INFRA-de:08336:6605-FAHRRADANLAGE-4,Parkplatz,TWO_TIER,BIKE,47.5460760,7.6911003,12,,False,2025-12-10T01:03:37Z
45,801,Bahnhof Herrenberg ( B??cker / Post Seite ),WALL_LOOPS,BIKE,48.5934474,8.8625205,160,,False,2023-10-11T00:00:00Z
61,17,17,ON_STREET,CAR,48.7415324,9.3082006,1,,False,2024-12-09T12:00:00Z
6,100018-parking,Bayreuth Hbf Vorfahrt,OFF_STREET_PARKING_GROUND,CAR,49.9496900,11.5793220,15,24/7,False,2025-12-10T01:02:02Z
11,20,Eberhardstraße,OFF_STREET_PARKING_GROUND,CAR,48.4916643,9.2060168,150,,False,2025-11-19T10:09:36Z
28,153896707,Abstellanlage,OTHER,BIKE,47.8194938,9.6344586,40,,False,2025-12-10T01:02:49Z
70,250,Bahnhofstraße,ON_STREET,CAR,49.4713772,8.6055004,1,,False,2025-11-19T10:10:48Z
70,298,Färbergasse,ON_STREET,CAR,49.4730103,8.6093793,1,,False,2025-11-19T10:10:48Z
38,INFRA-de:08119:4952-FAHRRADANLAGE-3,Parkplatz,LOCKERS,BIKE,48.9997273,9.5002204,8,,False,2025-12-10T01:03:36Z
38,INFRA-de:08215:1551-FAHRRADANLAGE-10,Parkplatz,WALL_LOOPS,BIKE,49.0372190,8.6922330,79,,False,2025-12-10T01:03:37Z
26,5858,"Frankfurt, Hotel Intercontinental",UNDERGROUND,CAR,50.1049470,8.6693780,140,24/7,False,2025-12-01T15:01:24Z
38,INFRA-de:08215:1551-FAHRRADANLAGE-18,Parkplatz,WALL_LOOPS,BIKE,49.0370010,8.6935540,79,,False,2025-12-10T01:03:37Z
26,7293,"Füssen, Parkgarage City Sparkassenhaus",UNDERGROUND,CAR,47.5699880,10.7026240,515,24/7,False,2025-11-26T09:40:18Z
39,INFRA-de:08118:7503-PARKPLATZ-1,Parkplatz,OFF_STREET_PARKING_GROUND,CAR,48.9433559,9.2653876,52,,False,2025-12-10T01:00:54Z
39,INFRA-de:08211:1847-PARKPLATZ-15,Parkplatz,OFF_STREET_PARKING_GROUND,CAR,48.7895350,8.1909290,309,,False,2025-12-10T01:00:54Z
39,INFRA-de:08215:1155-PARKPLATZ-3,Parkplatz,OFF_STREET_PARKING_GROUND,CAR,49.1294210,8.4157590,51,,False,2025-12-10T01:00:54Z
39,INFRA-de:08215:1303-PARKPLATZ-2,Parkplatz,OFF_STREET_PARKING_GROUND,CAR,48.8641515,8.4478705,17,,False,2025-12-10T01:00:54Z
39,INFRA-de:08215:1304-PARKPLATZ-1,Parkplatz,OFF_STREET_PARKING_GROUND,CAR,48.8357048,8.4410095,12,,False,2025-12-10T01:00:54Z
39,INFRA-de:08215:1406-PARKPLATZ-1,Parkplatz,OFF_STREET_PARKING_GROUND,CAR,48.8974427,8.4745103,15,,False,2025-12-10T01:00:54Z
